"DESCRIPTION","DURATION IN MS","NAME","PARENT SUITE","START TIME","STATUS","STOP TIME","SUB SUITE","SUITE","TEST CLASS","TEST METHOD"
"","829","Test Stream Time Range Search","End To End Tests","2026-07-30","passed","2026-07-30","Data Stream Tests","Typescript Client","",""
"","106","testValidTokenFromKeycloak()","Structures Core","2026-07-30","passed","2026-07-30","","org.kinotic.structures.tests.auth.OidcAuthVerifierTest","org.kinotic.structures.tests.auth.OidcAuthVerifierTest","testValidTokenFromKeycloak"
"","81","tryOperationOnNotPublishedStructure()","Structures Core","2026-07-30","passed","2026-07-30","","org.kinotic.structures.tests.core.structure.StructureCrudTests","org.kinotic.structures.tests.core.structure.StructureCrudTests","tryOperationOnNotPublishedStructure"
"","4","testPolicyEvaluatorWithoutOperations()","Structures Core","2026-07-30","passed","2026-07-30","","org.kinotic.structures.tests.core.security.graphos.PolicyEvaluatorTests","org.kinotic.structures.tests.core.security.graphos.PolicyEvaluatorTests","testPolicyEvaluatorWithoutOperations"
"","5","testJwtTokenWithoutKid()","Structures Core","2026-07-30","passed","2026-07-30","","org.kinotic.structures.tests.auth.JwksServiceTest","org.kinotic.structures.tests.auth.JwksServiceTest","testJwtTokenWithoutKid"
"","1323","Test FindByIds and None Found","End To End Tests","2026-07-30","passed","2026-07-30","EntityService Tests","Typescript Client","",""
"","0","testPolicyEvaluatorWithMissingDomainPolicy()","Structures Core","2026-07-30","passed","2026-07-30","","org.kinotic.structures.tests.core.security.graphos.PolicyEvaluatorTests","org.kinotic.structures.tests.core.security.graphos.PolicyEvaluatorTests","testPolicyEvaluatorWithMissingDomainPolicy"
"","190","Can count people across specific tenants","End To End Tests","2026-07-30","passed","2026-07-30","Multitenant Selection Operations","OpenAPI Client","",""
"","4","testExtractValueFromPath_ListPath()","Structures Core","2026-07-30","passed","2026-07-30","","org.kinotic.structures.tests.auth.OidcSecurityServiceTest","org.kinotic.structures.tests.auth.OidcSecurityServiceTest","testExtractValueFromPath_ListPath"
"","8","testAuthorizeWithNoPoliciesOnStructure()","Structures Core","2026-07-30","passed","2026-07-30","","org.kinotic.structures.tests.core.security.graphos.PolicyAuthorizationServiceTest","org.kinotic.structures.tests.core.security.graphos.PolicyAuthorizationServiceTest","testAuthorizeWithNoPoliciesOnStructure"
"","934","Test CountByQuery and DeleteByQuery","End To End Tests","2026-07-30","passed","2026-07-30","EntityService Tests","Typescript Client","",""
"","1957","Test FindByIds","End To End Tests","2026-07-30","passed","2026-07-30","EntityService Tests","Typescript Client","",""
"","2236","createPublishAndDeleteStructure()","Structures Core","2026-07-30","passed","2026-07-30","","org.kinotic.structures.tests.core.structure.StructureCrudTests","org.kinotic.structures.tests.core.structure.StructureCrudTests","createPublishAndDeleteStructure"
"","2","testExtractValueFromPath_ComplexNestedStructure()","Structures Core","2026-07-30","passed","2026-07-30","","org.kinotic.structures.tests.auth.OidcSecurityServiceTest","org.kinotic.structures.tests.auth.OidcSecurityServiceTest","testExtractValueFromPath_ComplexNestedStructure"
"","18","whenNoMigrations_thenNoMigrationsApplied()","Structures Core","2026-07-30","passed","2026-07-30","","org.kinotic.structures.tests.sql.MigrationExecutorIntegrationTest","org.kinotic.structures.tests.sql.MigrationExecutorIntegrationTest","whenNoMigrations_thenNoMigrationsApplied"
"","1300","Test CountByQuery and DeleteByQuery","End To End Tests","2026-07-30","passed","2026-07-30","Admin EntityService Tests","Typescript Client","",""
"","2011","whenAlterTable_thenColumnAdded()","Structures Core","2026-07-30","passed","2026-07-30","","org.kinotic.structures.tests.sql.MigrationExecutorIntegrationTest","org.kinotic.structures.tests.sql.MigrationExecutorIntegrationTest","whenAlterTable_thenColumnAdded"
"","0","testAuthorizeWriteOperationFails()","Structures Core","2026-07-30","passed","2026-07-30","","org.kinotic.structures.tests.core.security.graphos.PolicyAuthorizationServiceTest","org.kinotic.structures.tests.core.security.graphos.PolicyAuthorizationServiceTest","testAuthorizeWriteOperationFails"
"","5328","whenReindexWithScript_thenDataTransformed()","Structures Core","2026-07-30","passed","2026-07-30","","org.kinotic.structures.tests.sql.MigrationExecutorIntegrationTest","org.kinotic.structures.tests.sql.MigrationExecutorIntegrationTest","whenReindexWithScript_thenDataTransformed"
"","1227","Test CountByQuery","End To End Tests","2026-07-30","passed","2026-07-30","EntityService Tests","Typescript Client","",""
"","10","testCaseInsensitiveAuthorizationHeader()","Structures Core","2026-07-30","passed","2026-07-30","","org.kinotic.structures.tests.auth.OidcAuthVerifierTest","org.kinotic.structures.tests.auth.OidcAuthVerifierTest","testCaseInsensitiveAuthorizationHeader"
"","1","whenBuildingSimpleTermQuery_thenCorrectQueryBuilt()","Structures Core","2026-07-30","passed","2026-07-30","","org.kinotic.structures.tests.sql.executor.QueryBuilderTest","org.kinotic.structures.tests.sql.executor.QueryBuilderTest","whenBuildingSimpleTermQuery_thenCorrectQueryBuilt"
"","24","OpenApi Schema loads","End To End Tests","2026-07-30","passed","2026-07-30","","","",""
"","2","should handle concurrent entity operations during cache eviction","K8s Cache Eviction Tests","2026-07-30","passed","2026-07-30","","","",""
"","2906","testValidAudienceWithNoRoles()","Structures Core","2026-07-30","passed","2026-07-30","","org.kinotic.structures.tests.auth.AccessControlTest","org.kinotic.structures.tests.auth.AccessControlTest","testValidAudienceWithNoRoles"
"","19","testFrontendConfigurationEndpoint_ResponseHeaders()","Structures Core","2026-07-30","passed","2026-07-30","","org.kinotic.structures.tests.frontend.FrontendConfigurationIntegrationTest","org.kinotic.structures.tests.frontend.FrontendConfigurationIntegrationTest","testFrontendConfigurationEndpoint_ResponseHeaders"
"","85","createStructureWithSameNameError()","Structures Core","2026-07-30","passed","2026-07-30","","org.kinotic.structures.tests.core.structure.StructureCrudTests","org.kinotic.structures.tests.core.structure.StructureCrudTests","createStructureWithSameNameError"
"","13","testInvalidJwtTokenFormat()","Structures Core","2026-07-30","passed","2026-07-30","","org.kinotic.structures.tests.auth.JwksServiceTest","org.kinotic.structures.tests.auth.JwksServiceTest","testInvalidJwtTokenFormat"
"","2","should propagate cache eviction across all pods with entity operations","K8s Cache Eviction Tests","2026-07-30","passed","2026-07-30","","","",""
"","1562","Test FindByIds and None Found","End To End Tests","2026-07-30","passed","2026-07-30","Admin EntityService Tests","Typescript Client","",""
"","6231","Test Basic Stream Write and Search","End To End Tests","2026-07-30","passed","2026-07-30","Data Stream Tests","Typescript Client","",""
"","420","testFindByIdsNoneFound()","Structures Core","2026-07-30","passed","2026-07-30","","org.kinotic.structures.tests.core.entity.EntityCrudTests","org.kinotic.structures.tests.core.entity.EntityCrudTests","testFindByIdsNoneFound"
"","0","whenBuildingOrClause_thenCorrectQueryBuilt()","Structures Core","2026-07-30","passed","2026-07-30","","org.kinotic.structures.tests.sql.executor.QueryBuilderTest","org.kinotic.structures.tests.sql.executor.QueryBuilderTest","whenBuildingOrClause_thenCorrectQueryBuilt"
"","2","testNonBearerAuthorizationHeaderExceptionDetails()","Structures Core","2026-07-30","passed","2026-07-30","","org.kinotic.structures.tests.auth.OidcAuthVerifierTest","org.kinotic.structures.tests.auth.OidcAuthVerifierTest","testNonBearerAuthorizationHeaderExceptionDetails"
"","757","Test Cursor Based Paging With Iterator Uneven Pages","End To End Tests","2026-07-30","passed","2026-07-30","EntityService Tests","Typescript Client","",""
"","689","Aggregate With Parameter Test","End To End Tests","2026-07-30","passed","2026-07-30","Named Query Tests","Typescript Client","",""
"","1","testPolicyEvaluatorWithSuccessfulLastName()","Structures Core","2026-07-30","passed","2026-07-30","","org.kinotic.structures.tests.core.security.graphos.PolicyEvaluatorTests","org.kinotic.structures.tests.core.security.graphos.PolicyEvaluatorTests","testPolicyEvaluatorWithSuccessfulLastName"
"","724","testExtractValueFromPath_NonExistentPath()","Structures Core","2026-07-30","passed","2026-07-30","","org.kinotic.structures.tests.auth.OidcSecurityServiceTest","org.kinotic.structures.tests.auth.OidcSecurityServiceTest","testExtractValueFromPath_NonExistentPath"
"","474","testCount()","Structures Core","2026-07-30","passed","2026-07-30","","org.kinotic.structures.tests.core.entity.EntityCrudTests","org.kinotic.structures.tests.core.entity.EntityCrudTests","testCount"
"","354","Can delete people across specific tenants","End To End Tests","2026-07-30","passed","2026-07-30","Multitenant Selection Operations","OpenAPI Client","",""
"","1260","bulkUpdateObjectWithMultipleIds()","Structures Core","2026-07-30","passed","2026-07-30","","org.kinotic.structures.tests.core.entity.BulkUpdateTests","org.kinotic.structures.tests.core.entity.BulkUpdateTests","bulkUpdateObjectWithMultipleIds"
"","56","whenInvalidVersionNumber_thenExceptionThrown()","Structures Core","2026-07-30","passed","2026-07-30","","org.kinotic.structures.tests.sql.MigrationExecutorIntegrationTest","org.kinotic.structures.tests.sql.MigrationExecutorIntegrationTest","whenInvalidVersionNumber_thenExceptionThrown"
"","202","testFindById()","Structures Core","2026-07-30","passed","2026-07-30","","org.kinotic.structures.tests.core.entity.EntityCrudTests","org.kinotic.structures.tests.core.entity.EntityCrudTests","testFindById"
"","489","Test Save Multiple","End To End Tests","2026-07-30","passed","2026-07-30","Named Query Tests","Typescript Client","",""
"","89","testValidAudienceWithPowerUserRole()","Structures Core","2026-07-30","passed","2026-07-30","","org.kinotic.structures.tests.auth.AccessControlTest","org.kinotic.structures.tests.auth.AccessControlTest","testValidAudienceWithPowerUserRole"
"","654","Test Offset Based Paging With Iterator Single Page","End To End Tests","2026-07-30","passed","2026-07-30","EntityService Tests","Typescript Client","",""
"","6033","Aggregate With Parameter and Tenant Selection Test","End To End Tests","2026-07-30","passed","2026-07-30","Admin Named Query Tests","Typescript Client","",""
"","3","testNonBearerAuthorizationHeader()","Structures Core","2026-07-30","passed","2026-07-30","","org.kinotic.structures.tests.auth.OidcAuthVerifierTest","org.kinotic.structures.tests.auth.OidcAuthVerifierTest","testNonBearerAuthorizationHeader"
"","575","testFindAll()","Structures Core","2026-07-30","passed","2026-07-30","","org.kinotic.structures.tests.core.entity.EntityCrudTests","org.kinotic.structures.tests.core.entity.EntityCrudTests","testFindAll"
"","1007","whenCreateTableMigration_thenTableCreated()","Structures Core","2026-07-30","passed","2026-07-30","","org.kinotic.structures.tests.sql.MigrationExecutorIntegrationTest","org.kinotic.structures.tests.sql.MigrationExecutorIntegrationTest","whenCreateTableMigration_thenTableCreated"
"","1005","whenCreateTableWithNumericTypes_thenTableCreated()","Structures Core","2026-07-30","passed","2026-07-30","","org.kinotic.structures.tests.sql.MigrationExecutorIntegrationTest","org.kinotic.structures.tests.sql.MigrationExecutorIntegrationTest","whenCreateTableWithNumericTypes_thenTableCreated"
"","2405","createAndDeleteApplication()","Structures Core","2026-07-30","passed","2026-07-30","","org.kinotic.structures.tests.core.application.ApplicationTests","org.kinotic.structures.tests.core.application.ApplicationTests","createAndDeleteApplication"
"","2","testNoAuthorizationHeaderExceptionDetails()","Structures Core","2026-07-30","passed","2026-07-30","","org.kinotic.structures.tests.auth.OidcAuthVerifierTest","org.kinotic.structures.tests.auth.OidcAuthVerifierTest","testNoAuthorizationHeaderExceptionDetails"
"","2","testExtractValueFromPath_SimplePath()","Structures Core","2026-07-30","passed","2026-07-30","","org.kinotic.structures.tests.auth.OidcSecurityServiceTest","org.kinotic.structures.tests.auth.OidcSecurityServiceTest","testExtractValueFromPath_SimplePath"
"","0","testAuthorizeWriteFailsDueToOperationPolicy()","Structures Core","2026-07-30","passed","2026-07-30","","org.kinotic.structures.tests.core.security.graphos.PolicyAuthorizationServiceTest","org.kinotic.structures.tests.core.security.graphos.PolicyAuthorizationServiceTest","testAuthorizeWriteFailsDueToOperationPolicy"
"","98","testValidAudienceWithPowerUserRole()","Structures Core","2026-07-30","passed","2026-07-30","","org.kinotic.structures.tests.auth.AdminProviderAccessControlTest","org.kinotic.structures.tests.auth.AdminProviderAccessControlTest","testValidAudienceWithPowerUserRole"
"","666","Test Bulk CRUD","End To End Tests","2026-07-30","passed","2026-07-30","Versioned Tests","Typescript Client","",""
"","620","Test Cursor Based Paging With Iterator No Data","End To End Tests","2026-07-30","passed","2026-07-30","EntityService Tests","Typescript Client","",""
"","829","Test FindByIds","End To End Tests","2026-07-30","passed","2026-07-30","Versioned Tests","Typescript Client","",""
"","1012","Test Cursor Based Paging With Iterator","End To End Tests","2026-07-30","passed","2026-07-30","EntityService Tests","Typescript Client","",""
"","730","testCountByQuery()","Structures Core","2026-07-30","passed","2026-07-30","","org.kinotic.structures.tests.core.entity.EntityCrudTests","org.kinotic.structures.tests.core.entity.EntityCrudTests","testCountByQuery"
"","832","Test Stream Filtering by Severity","End To End Tests","2026-07-30","passed","2026-07-30","Data Stream Tests","Typescript Client","",""
"","1125","testUnauthorizedClientAlwaysFails()","Structures Core","2026-07-30","passed","2026-07-30","","org.kinotic.structures.tests.auth.UnauthorizedProviderAccessControlTest","org.kinotic.structures.tests.auth.UnauthorizedProviderAccessControlTest","testUnauthorizedClientAlwaysFails"
"","17","createStructureInvalidField()","Structures Core","2026-07-30","passed","2026-07-30","","org.kinotic.structures.tests.core.structure.StructureCrudTests","org.kinotic.structures.tests.core.structure.StructureCrudTests","createStructureInvalidField"
"","306","testCreateAndDeleteItem()","Structures Core","2026-07-30","passed","2026-07-30","","org.kinotic.structures.tests.core.entity.EntityCrudTests","org.kinotic.structures.tests.core.entity.EntityCrudTests","testCreateAndDeleteItem"
"","3","testExtractValueFromPath_NestedPath()","Structures Core","2026-07-30","passed","2026-07-30","","org.kinotic.structures.tests.auth.OidcSecurityServiceTest","org.kinotic.structures.tests.auth.OidcSecurityServiceTest","testExtractValueFromPath_NestedPath"
"","858","Test Bulk Stream Write","End To End Tests","2026-07-30","passed","2026-07-30","Data Stream Tests","Typescript Client","",""
"","95","testFetchKeyFromValidToken()","Structures Core","2026-07-30","passed","2026-07-30","","org.kinotic.structures.tests.auth.JwksServiceTest","org.kinotic.structures.tests.auth.JwksServiceTest","testFetchKeyFromValidToken"
"","6264","Aggregate Test","End To End Tests","2026-07-30","passed","2026-07-30","Named Query Tests","Typescript Client","",""
"","1270","Test Alert Schema Evolution - Remove Field (Breaking)","End To End Tests","2026-07-30","passed","2026-07-30","Data Stream Tests","Typescript Client","",""
"","13","testJwtTokenWithoutIssuer()","Structures Core","2026-07-30","passed","2026-07-30","","org.kinotic.structures.tests.auth.JwksServiceTest","org.kinotic.structures.tests.auth.JwksServiceTest","testJwtTokenWithoutIssuer"
"","2276","Test FindByIds","End To End Tests","2026-07-30","passed","2026-07-30","Admin EntityService Tests","Typescript Client","",""
"","8","testClearCaches()","Structures Core","2026-07-30","passed","2026-07-30","","org.kinotic.structures.tests.auth.JwksServiceTest","org.kinotic.structures.tests.auth.JwksServiceTest","testClearCaches"
"","1030","Test Alert Schema Evolution - Add Field (Non-Breaking)","End To End Tests","2026-07-30","passed","2026-07-30","Data Stream Tests","Typescript Client","",""
"","432","whenCreateTableWithNotIndexedFields_thenFieldsNotIndexed()","Structures Core","2026-07-30","passed","2026-07-30","","org.kinotic.structures.tests.sql.NotIndexedTypeTest","org.kinotic.structures.tests.sql.NotIndexedTypeTest","whenCreateTableWithNotIndexedFields_thenFieldsNotIndexed"
"","2","testInvalidAuthorizationHeaderExceptionDetails()","Structures Core","2026-07-30","passed","2026-07-30","","org.kinotic.structures.tests.auth.OidcAuthVerifierTest","org.kinotic.structures.tests.auth.OidcAuthVerifierTest","testInvalidAuthorizationHeaderExceptionDetails"
"","271","findMissingEntity()","Structures Core","2026-07-30","passed","2026-07-30","","org.kinotic.structures.tests.core.entity.EntityCrudTests","org.kinotic.structures.tests.core.entity.EntityCrudTests","findMissingEntity"
"","108","testValidAudienceWithAdminRole()","Structures Core","2026-07-30","passed","2026-07-30","","org.kinotic.structures.tests.auth.AccessControlTest","org.kinotic.structures.tests.auth.AccessControlTest","testValidAudienceWithAdminRole"
"","1","testSharedPolicyManagerInitialization()","Structures Core","2026-07-30","passed","2026-07-30","","org.kinotic.structures.tests.core.security.graphos.PolicyEvaluatorTests","org.kinotic.structures.tests.core.security.graphos.PolicyEvaluatorTests","testSharedPolicyManagerInitialization"
"","198","tryOperationsOnPublishedStructure()","Structures Core","2026-07-30","passed","2026-07-30","","org.kinotic.structures.tests.core.structure.StructureCrudTests","org.kinotic.structures.tests.core.structure.StructureCrudTests","tryOperationsOnPublishedStructure"
"","777","Test Bulk CRUD","End To End Tests","2026-07-30","passed","2026-07-30","EntityService Tests","Typescript Client","",""
"","8226","Test Basic CRUD","End To End Tests","2026-07-30","passed","2026-07-30","Admin EntityService Tests","Typescript Client","",""
"","144","testFindByIds()","Structures Core","2026-07-30","passed","2026-07-30","","org.kinotic.structures.tests.core.entity.EntityCrudTests","org.kinotic.structures.tests.core.entity.EntityCrudTests","testFindByIds"
"","439","bulkSaveObjectWithMultipleIds()","Structures Core","2026-07-30","passed","2026-07-30","","org.kinotic.structures.tests.core.entity.BulkUpdateTests","org.kinotic.structures.tests.core.entity.BulkUpdateTests","bulkSaveObjectWithMultipleIds"
"","35","OpenApi Schema loads","End To End Tests","2026-07-30","passed","2026-07-30","","","",""
"","597","Test Optimistic Locking","End To End Tests","2026-07-30","passed","2026-07-30","Versioned Tests","Typescript Client","",""
"","856","Test Offset Based Paging With Iterator","End To End Tests","2026-07-30","passed","2026-07-30","EntityService Tests","Typescript Client","",""
"","594","OpenApi Schema loads","End To End Tests","2026-07-30","passed","2026-07-30","","OpenAPI Client","",""
"","3","testExtractValueFromPath_DeeperNestedPath()","Structures Core","2026-07-30","passed","2026-07-30","","org.kinotic.structures.tests.auth.OidcSecurityServiceTest","org.kinotic.structures.tests.auth.OidcSecurityServiceTest","testExtractValueFromPath_DeeperNestedPath"
"","101","testFrontendConfigurationEndpoint_EndpointAccessibility()","Structures Core","2026-07-30","passed","2026-07-30","","org.kinotic.structures.tests.frontend.FrontendConfigurationIntegrationTest","org.kinotic.structures.tests.frontend.FrontendConfigurationIntegrationTest","testFrontendConfigurationEndpoint_EndpointAccessibility"
"","1","testAuthorizeWithEntityOnlyPolicies()","Structures Core","2026-07-30","passed","2026-07-30","","org.kinotic.structures.tests.core.security.graphos.PolicyAuthorizationServiceTest","org.kinotic.structures.tests.core.security.graphos.PolicyAuthorizationServiceTest","testAuthorizeWithEntityOnlyPolicies"
"","20","testFrontendConfigurationEndpoint_ReturnsValidConfiguration()","Structures Core","2026-07-30","passed","2026-07-30","","org.kinotic.structures.tests.frontend.FrontendConfigurationIntegrationTest","org.kinotic.structures.tests.frontend.FrontendConfigurationIntegrationTest","testFrontendConfigurationEndpoint_ReturnsValidConfiguration"
"","798","Aggregate Pageable Test","End To End Tests","2026-07-30","passed","2026-07-30","Named Query Tests","Typescript Client","",""
"","1464","Test Bulk CRUD","End To End Tests","2026-07-30","passed","2026-07-30","Admin EntityService Tests","Typescript Client","",""
"","3019","whenDelete_thenDataDeleted()","Structures Core","2026-07-30","passed","2026-07-30","","org.kinotic.structures.tests.sql.MigrationExecutorIntegrationTest","org.kinotic.structures.tests.sql.MigrationExecutorIntegrationTest","whenDelete_thenDataDeleted"
"","1277","Test Cursor Based Paging","End To End Tests","2026-07-30","passed","2026-07-30","EntityService Tests","Typescript Client","",""
"","1104","testValidAudienceWithNoRoles()","Structures Core","2026-07-30","passed","2026-07-30","","org.kinotic.structures.tests.auth.AdminProviderAccessControlTest","org.kinotic.structures.tests.auth.AdminProviderAccessControlTest","testValidAudienceWithNoRoles"
"","245","Can find people by IDs across specific tenants","End To End Tests","2026-07-30","passed","2026-07-30","Multitenant Selection Operations","OpenAPI Client","",""
"","485","testCreateAndDeleteByQuery()","Structures Core","2026-07-30","passed","2026-07-30","","org.kinotic.structures.tests.core.entity.EntityCrudTests","org.kinotic.structures.tests.core.entity.EntityCrudTests","testCreateAndDeleteByQuery"
"","2","testExtractValueFromPath_TypeMismatch()","Structures Core","2026-07-30","passed","2026-07-30","","org.kinotic.structures.tests.auth.OidcSecurityServiceTest","org.kinotic.structures.tests.auth.OidcSecurityServiceTest","testExtractValueFromPath_TypeMismatch"
"","2","testInvalidAuthorizationHeader()","Structures Core","2026-07-30","passed","2026-07-30","","org.kinotic.structures.tests.auth.OidcAuthVerifierTest","org.kinotic.structures.tests.auth.OidcAuthVerifierTest","testInvalidAuthorizationHeader"
"","4","testExtractValueFromPath_EmptyPath()","Structures Core","2026-07-30","passed","2026-07-30","","org.kinotic.structures.tests.auth.OidcSecurityServiceTest","org.kinotic.structures.tests.auth.OidcSecurityServiceTest","testExtractValueFromPath_EmptyPath"
"","77","testValidAudienceWithUserRole()","Structures Core","2026-07-30","passed","2026-07-30","","org.kinotic.structures.tests.auth.AccessControlTest","org.kinotic.structures.tests.auth.AccessControlTest","testValidAudienceWithUserRole"
"","5992","whenReindex_thenDataReindexed()","Structures Core","2026-07-30","passed","2026-07-30","","org.kinotic.structures.tests.sql.MigrationExecutorIntegrationTest","org.kinotic.structures.tests.sql.MigrationExecutorIntegrationTest","whenReindex_thenDataReindexed"
"","5836","Test Basic CRUD","End To End Tests","2026-07-30","passed","2026-07-30","Versioned Tests","Typescript Client","",""
"","368","Can bulk save people across multiple tenants and retrieve them selectively","End To End Tests","2026-07-30","passed","2026-07-30","Multitenant Selection Operations","OpenAPI Client","",""
"","9","whenDuplicateVersionNumber_thenExceptionThrown()","Structures Core","2026-07-30","passed","2026-07-30","","org.kinotic.structures.tests.sql.MigrationExecutorIntegrationTest","org.kinotic.structures.tests.sql.MigrationExecutorIntegrationTest","whenDuplicateVersionNumber_thenExceptionThrown"
"","0","whenBuildingNestedClause_thenCorrectQueryBuilt()","Structures Core","2026-07-30","passed","2026-07-30","","org.kinotic.structures.tests.sql.executor.QueryBuilderTest","org.kinotic.structures.tests.sql.executor.QueryBuilderTest","whenBuildingNestedClause_thenCorrectQueryBuilt"
"","65","testValidAudienceWithInsufficientRoles()","Structures Core","2026-07-30","passed","2026-07-30","","org.kinotic.structures.tests.auth.AdminProviderAccessControlTest","org.kinotic.structures.tests.auth.AdminProviderAccessControlTest","testValidAudienceWithInsufficientRoles"
"","65","testValidAudienceWithValidRoles()","Structures Core","2026-07-30","passed","2026-07-30","","org.kinotic.structures.tests.auth.AdminProviderAccessControlTest","org.kinotic.structures.tests.auth.AdminProviderAccessControlTest","testValidAudienceWithValidRoles"
"","3011","whenUpdate_thenDataUpdated()","Structures Core","2026-07-30","passed","2026-07-30","","org.kinotic.structures.tests.sql.MigrationExecutorIntegrationTest","org.kinotic.structures.tests.sql.MigrationExecutorIntegrationTest","whenUpdate_thenDataUpdated"
"","2011","whenCreateTableIfNotExists_thenNoErrorOnSecondCreate()","Structures Core","2026-07-30","passed","2026-07-30","","org.kinotic.structures.tests.sql.MigrationExecutorIntegrationTest","org.kinotic.structures.tests.sql.MigrationExecutorIntegrationTest","whenCreateTableIfNotExists_thenNoErrorOnSecondCreate"
"","4","testAuthorizeReadFailsDueToFieldPolicy()","Structures Core","2026-07-30","passed","2026-07-30","","org.kinotic.structures.tests.core.security.graphos.PolicyAuthorizationServiceTest","org.kinotic.structures.tests.core.security.graphos.PolicyAuthorizationServiceTest","testAuthorizeReadFailsDueToFieldPolicy"
"","107","testUnauthorizedClientWithAdminUserFails()","Structures Core","2026-07-30","passed","2026-07-30","","org.kinotic.structures.tests.auth.UnauthorizedProviderAccessControlTest","org.kinotic.structures.tests.auth.UnauthorizedProviderAccessControlTest","testUnauthorizedClientWithAdminUserFails"
"","1","testPolicyEvaluatorWithFailedOperations()","Structures Core","2026-07-30","passed","2026-07-30","","org.kinotic.structures.tests.core.security.graphos.PolicyEvaluatorTests","org.kinotic.structures.tests.core.security.graphos.PolicyEvaluatorTests","testPolicyEvaluatorWithFailedOperations"
"","1448","Test CountByQuery","End To End Tests","2026-07-30","passed","2026-07-30","Admin EntityService Tests","Typescript Client","",""
"","390","Test Update Fails","End To End Tests","2026-07-30","passed","2026-07-30","Versioned Tests","Typescript Client","",""
"","661","Test Stream Pagination","End To End Tests","2026-07-30","passed","2026-07-30","Data Stream Tests","Typescript Client","",""
"","3","testNoAuthorizationHeader()","Structures Core","2026-07-30","passed","2026-07-30","","org.kinotic.structures.tests.auth.OidcAuthVerifierTest","org.kinotic.structures.tests.auth.OidcAuthVerifierTest","testNoAuthorizationHeader"
"","8043","testMultiTenantSearch()","Structures Core","2026-07-30","passed","2026-07-30","","org.kinotic.structures.tests.core.entity.EntityCrudTests","org.kinotic.structures.tests.core.entity.EntityCrudTests","testMultiTenantSearch"
"","1","whenUsingParameterizedQueryWithMissingParameter_thenExceptionThrown()","Structures Core","2026-07-30","passed","2026-07-30","","org.kinotic.structures.tests.sql.executor.QueryBuilderTest","org.kinotic.structures.tests.sql.executor.QueryBuilderTest","whenUsingParameterizedQueryWithMissingParameter_thenExceptionThrown"
"","609","Test Cursor Based Paging With Iterator Single Page","End To End Tests","2026-07-30","passed","2026-07-30","EntityService Tests","Typescript Client","",""
"","85","Can create a person","End To End Tests","2026-07-30","passed","2026-07-30","PersonWithTenant CRUD Operations","OpenAPI Client","",""
"","79","Can get person by ID","End To End Tests","2026-07-30","passed","2026-07-30","PersonWithTenant CRUD Operations","OpenAPI Client","",""
"","1","testAuthorizeDeniedWithEntityOnlyPolicies()","Structures Core","2026-07-30","passed","2026-07-30","","org.kinotic.structures.tests.core.security.graphos.PolicyAuthorizationServiceTest","org.kinotic.structures.tests.core.security.graphos.PolicyAuthorizationServiceTest","testAuthorizeDeniedWithEntityOnlyPolicies"
"","1","testAuthorizeReadOperationWithNoFieldPolicies()","Structures Core","2026-07-30","passed","2026-07-30","","org.kinotic.structures.tests.core.security.graphos.PolicyAuthorizationServiceTest","org.kinotic.structures.tests.core.security.graphos.PolicyAuthorizationServiceTest","testAuthorizeReadOperationWithNoFieldPolicies"
"","1034","Test Delete By Query","End To End Tests","2026-07-30","passed","2026-07-30","Data Stream Tests","Typescript Client","",""
"","782","Test Multiple Writes Maintain Data Integrity","End To End Tests","2026-07-30","passed","2026-07-30","Data Stream Tests","Typescript Client","",""
"","960","Test Offset Based Paging With Iterator No Data","End To End Tests","2026-07-30","passed","2026-07-30","EntityService Tests","Typescript Client","",""
"","643","Test Offset Based Paging With Iterator Uneven Pages","End To End Tests","2026-07-30","passed","2026-07-30","EntityService Tests","Typescript Client","",""
"","1","whenUsingParameterizedQueryWithoutParameters_thenExceptionThrown()","Structures Core","2026-07-30","passed","2026-07-30","","org.kinotic.structures.tests.sql.executor.QueryBuilderTest","org.kinotic.structures.tests.sql.executor.QueryBuilderTest","whenUsingParameterizedQueryWithoutParameters_thenExceptionThrown"
"","0","testPolicyEvaluatorWithSuccessfulOperations()","Structures Core","2026-07-30","passed","2026-07-30","","org.kinotic.structures.tests.core.security.graphos.PolicyEvaluatorTests","org.kinotic.structures.tests.core.security.graphos.PolicyEvaluatorTests","testPolicyEvaluatorWithSuccessfulOperations"
"","306","testPartialUpdate()","Structures Core","2026-07-30","passed","2026-07-30","","org.kinotic.structures.tests.core.entity.EntityCrudTests","org.kinotic.structures.tests.core.entity.EntityCrudTests","testPartialUpdate"
"","456","testSearch()","Structures Core","2026-07-30","passed","2026-07-30","","org.kinotic.structures.tests.core.entity.EntityCrudTests","org.kinotic.structures.tests.core.entity.EntityCrudTests","testSearch"
"","14","testFrontendConfigurationEndpoint_JsonStructure()","Structures Core","2026-07-30","passed","2026-07-30","","org.kinotic.structures.tests.frontend.FrontendConfigurationIntegrationTest","org.kinotic.structures.tests.frontend.FrontendConfigurationIntegrationTest","testFrontendConfigurationEndpoint_JsonStructure"
"","4","testJwksServiceInitialization()","Structures Core","2026-07-30","passed","2026-07-30","","org.kinotic.structures.tests.auth.JwksServiceTest","org.kinotic.structures.tests.auth.JwksServiceTest","testJwksServiceInitialization"
"","7234","Test Basic CRUD","End To End Tests","2026-07-30","passed","2026-07-30","EntityService Tests","Typescript Client","",""
"","7","testValidBearerHeaderWithInvalidToken()","Structures Core","2026-07-30","passed","2026-07-30","","org.kinotic.structures.tests.auth.OidcAuthVerifierTest","org.kinotic.structures.tests.auth.OidcAuthVerifierTest","testValidBearerHeaderWithInvalidToken"
"","156","Can delete person","End To End Tests","2026-07-30","passed","2026-07-30","PersonWithTenant CRUD Operations","OpenAPI Client","",""
"","881","testBulk()","Structures Core","2026-07-30","passed","2026-07-30","","org.kinotic.structures.tests.core.entity.BulkUpdateTests","org.kinotic.structures.tests.core.entity.BulkUpdateTests","testBulk"
"","0","whenUsingParameterizedQuery_thenParameterSubstituted()","Structures Core","2026-07-30","passed","2026-07-30","","org.kinotic.structures.tests.sql.executor.QueryBuilderTest","org.kinotic.structures.tests.sql.executor.QueryBuilderTest","whenUsingParameterizedQuery_thenParameterSubstituted"
"","1","whenBuildingAndClause_thenCorrectQueryBuilt()","Structures Core","2026-07-30","passed","2026-07-30","","org.kinotic.structures.tests.sql.executor.QueryBuilderTest","org.kinotic.structures.tests.sql.executor.QueryBuilderTest","whenBuildingAndClause_thenCorrectQueryBuilt"
"","8","whenBuildingRangeQuery_thenCorrectQueryBuilt()","Structures Core","2026-07-30","passed","2026-07-30","","org.kinotic.structures.tests.sql.executor.QueryBuilderTest","org.kinotic.structures.tests.sql.executor.QueryBuilderTest","whenBuildingRangeQuery_thenCorrectQueryBuilt"
